data,cena,sprzedane_jednostki,seasonal_factor,zysk
2023-01-01,100.0,25,0.5003749943801583,-250.0
2023-01-02,100.0,24,0.5007822894222178,-260.0
2023-01-03,100.07,24,0.5013375134459223,-258.32000000000016
2023-01-04,100.44,25,0.5020405019264105,-239.00000000000006
2023-01-05,100.22,27,0.5028910465530241,-224.06000000000006
2023-01-06,100.33,25,0.5038888952910339,-241.75000000000006
2023-01-07,100.88,23,0.5050337524563235,-249.7600000000001
2023-01-08,100.97,25,0.5063252788030068,-225.75
2023-01-09,100.91,25,0.5077630916239539,-227.2500000000001
2023-01-10,101.01,24,0.5093467648641954,-235.75999999999988
2023-01-11,100.77,24,0.5110758292471715,-241.5200000000001
2023-01-12,100.79,25,0.5129497724137897,-230.24999999999983
2023-01-13,101.02,24,0.5149680390742464,-235.5200000000001
2023-01-14,100.72,26,0.5171300311725726,-221.28000000000003
2023-01-15,100.77,25,0.5194351080638496,-230.7500000000001
2023-01-16,101.11,25,0.5218825867040472,-222.25
2023-01-17,101.02,24,0.5244717418524232,-235.5200000000001
2023-01-18,101.31,24,0.5272018062864288,-228.55999999999995
2023-01-19,101.01,26,0.5300719710290522,-213.7399999999999
2023-01-20,100.89,25,0.5330813855885375,-227.75
2023-01-21,101.42,27,0.5362291582104017,-191.65999999999997
2023-01-22,101.06,25,0.5395143561416826,-223.49999999999994
2023-01-23,101.31,26,0.5429360059073332,-205.93999999999994
2023-01-24,100.99,27,0.546493093598682,-203.27000000000015
2023-01-25,101.51,24,0.5501845651738784,-223.75999999999988
2023-01-26,101.77,24,0.5540093267702257,-217.5200000000001
2023-01-27,101.61,24,0.5579662450283183,-221.36
2023-01-28,101.91,27,0.5620541474278786,-178.43000000000006
2023-01-29,101.86,25,0.5662718226352015,-203.5
2023-01-30,101.94,28,0.5706180208620986,-165.68000000000006
2023-01-31,101.97,26,0.5750914542362361,-188.78000000000003
2023-02-01,102.79,25,0.579690797182761,-180.24999999999983
2023-02-02,102.48,27,0.5844146868170961,-163.0399999999999
2023-02-03,102.46,28,0.5892617233487929,-151.12000000000018
2023-02-04,102.84,28,0.5942304704963195,-140.4799999999999
2023-02-05,102.5,28,0.5993194559126618,-150.0
2023-02-06,103.03,27,0.6045271716216114,-148.18999999999994
2023-02-07,102.6,27,0.6098520744646123,-159.80000000000018
2023-02-08,102.98,27,0.6152925865580311,-149.5399999999999
2023-02-09,103.42,26,0.6208470957607188,-151.07999999999993
2023-02-10,103.54,26,0.6265139561517223,-147.9599999999998
2023-02-11,103.56,27,0.6322914885180073,-133.87999999999994
2023-02-12,103.66,26,0.6381779808520438,-144.8400000000001
2023-02-13,103.75,26,0.6441716888591127,-142.5
2023-02-14,103.42,28,0.6502708364741765,-124.23999999999995
2023-02-15,103.56,29,0.6564736163881666,-106.75999999999993
2023-02-16,103.65,28,0.6627781905835273,-117.79999999999984
2023-02-17,104.01,29,0.6691826908788608,-93.70999999999987
2023-02-18,103.98,27,0.6756852194825094,-122.5399999999999
2023-02-19,103.64,28,0.6822838495549113,-118.07999999999998
2023-02-20,103.98,28,0.6889766257795662,-108.55999999999989
2023-02-21,103.93,27,0.6957615649424369,-123.88999999999982
2023-02-22,103.99,29,0.7026366565196183,-94.29000000000013
2023-02-23,104.36,29,0.7095998632730995,-83.56
2023-02-24,104.6,30,0.7166491218544412,-62.00000000000017
2023-02-25,104.71,29,0.7237823434161902,-73.4100000000002
2023-02-26,104.46,28,0.7309974142308502,-95.12000000000018
2023-02-27,104.6,31,0.7382921963172249,-47.400000000000205
2023-02-28,104.61,31,0.7456645280739478,-47.09000000000003
2023-03-01,104.83,30,0.7531122249200114,-55.10000000000002
2023-03-02,104.6,30,0.7606330799421057,-62.00000000000017
2023-03-03,104.73,30,0.7682248645485745,-58.09999999999991
2023-03-04,104.46,31,0.7758853291297947,-51.74000000000018
2023-03-05,104.38,33,0.7836122037247844,-25.46000000000015
2023-03-06,104.93,33,0.7914031986938416,-7.309999999999775
2023-03-07,105.07,33,0.7992560053970135,-2.690000000000225
2023-03-08,104.89,31,0.8071682968781965,-38.40999999999997
2023-03-09,105.14,31,0.8151377285546635,-30.659999999999968
2023-03-10,105.05,32,0.8231619389118142,-18.40000000000009
2023-03-11,104.98,31,0.8312385502029433,-35.61999999999989
2023-03-12,105.16,33,0.8393651691538178,0.27999999999985903
2023-03-13,105.43,32,0.8475393876718554,-6.239999999999782
2023-03-14,105.1,33,0.8557587835596955,-1.7000000000001592
2023-03-15,105.4,32,0.8640209212329473,-7.199999999999818
2023-03-16,104.56,35,0.8723233524419065,9.60000000000008
2023-03-17,105.3,33,0.880663616997025,4.89999999999992
2023-03-18,105.12,33,0.8890392434979173,-1.03999999999985
2023-03-19,105.19,32,0.8974477500656904,-13.920000000000073
2023-03-20,105.2,35,0.9058866450783779,32.000000000000114
2023-03-21,104.79,38,0.9143534279092612,62.02000000000021
2023-03-22,105.11,38,0.9228455896678595,74.17999999999995
2023-03-23,105.39,35,0.9313606139433677,38.64999999999998
2023-03-24,105.65,35,0.9398959775503236,47.75000000000023
2023-03-25,105.37,37,0.9484491512762826,68.69000000000017
2023-03-26,105.17,36,0.9570176006312767,46.12000000000012
2023-03-27,105.27,38,0.96559878659884,80.25999999999988
2023-03-28,105.65,38,0.9741901663883731,94.70000000000027
2023-03-29,105.55,39,0.9827891941886271,106.44999999999993
2023-03-30,105.49,38,0.9913933219220826,88.61999999999978
2023-03-31,105.65,38,1.0,94.70000000000027
2023-04-01,105.71,37,1.0086066780779173,81.26999999999975
2023-04-02,106.11,37,1.017210805811373,96.06999999999994
2023-04-03,105.74,39,1.0258098336116268,113.85999999999979
2023-04-04,105.77,39,1.03440121340116,115.02999999999986
2023-04-05,105.9,40,1.0429823993687233,136.00000000000023
2023-04-06,105.84,39,1.0515508487237175,117.7600000000001
2023-04-07,106.13,41,1.0601040224496763,161.3299999999998
2023-04-08,106.08,40,1.0686393860566323,143.19999999999993
2023-04-09,105.99,40,1.0771544103321407,139.5999999999998
2023-04-10,105.79,40,1.085646572090739,131.60000000000025
2023-04-11,105.45,40,1.094113354921622,118.00000000000011
2023-04-12,105.54,43,1.1025522499343097,168.22000000000025
2023-04-13,105.46,43,1.1109607565020827,164.77999999999975
2023-04-14,105.35,43,1.119336383002975,160.04999999999973
2023-04-15,105.48,43,1.1276766475580935,165.6400000000002
2023-04-16,105.73,44,1.1359790787670527,192.12000000000012
2023-04-17,105.91,41,1.1442412164403044,152.30999999999983
2023-04-18,105.64,43,1.1524606123281445,172.51999999999998
2023-04-19,105.61,45,1.1606348308461822,202.44999999999993
2023-04-20,105.52,43,1.1687614497970567,167.3599999999998
2023-04-21,105.19,46,1.176838061088186,198.7399999999999
2023-04-22,105.43,44,1.1848622714453365,178.9200000000003
2023-04-23,105.45,46,1.1928317031218034,210.70000000000016
2023-04-24,105.92,45,1.2007439946029865,216.4000000000001
2023-04-25,105.41,45,1.2085968013061583,193.44999999999982
2023-04-26,105.5,48,1.2163877962752156,244.0
2023-04-27,105.64,46,1.2241146708702053,219.44000000000005
2023-04-28,105.32,47,1.2317751354514255,220.03999999999974
2023-04-29,105.69,47,1.2393669200578943,237.42999999999984
2023-04-30,105.51,49,1.2468877750799885,259.99000000000024
2023-05-01,105.42,47,1.2543354719260522,224.74000000000012
2023-05-02,104.98,50,1.2617078036827751,249.00000000000023
2023-05-03,105.51,49,1.2690025857691498,259.99000000000024
2023-05-04,105.05,51,1.27621765658381,267.54999999999984
2023-05-05,105.35,50,1.283350878145559,267.4999999999998
2023-05-06,105.54,49,1.2904001367269005,261.46000000000026
2023-05-07,104.9,50,1.2973633434803817,245.00000000000023
2023-05-08,104.88,51,1.304238435057563,258.87999999999977
2023-05-09,105.03,50,1.3110233742204338,251.5
2023-05-10,104.88,49,1.3177161504450887,229.11999999999978
2023-05-11,104.46,54,1.3243147805174906,280.8399999999997
2023-05-12,104.89,53,1.330817309121139,289.1700000000001
2023-05-13,104.79,51,1.3372218094164727,254.2900000000003
2023-05-14,104.98,52,1.3435263836118334,278.96000000000026
2023-05-15,104.6,55,1.3497291635258235,302.99999999999966
2023-05-16,105.06,55,1.3558283111408873,328.3000000000002
2023-05-17,104.57,54,1.3618220191479562,286.77999999999963
2023-05-18,104.67,54,1.3677085114819927,292.18000000000006
2023-05-19,105.04,54,1.3734860438482777,312.1600000000003
2023-05-20,104.55,57,1.3791529042392812,329.3499999999998
2023-05-21,104.7,54,1.3847074134419688,293.8000000000002
2023-05-22,104.71,54,1.3901479255353877,294.3399999999997
2023-05-23,103.99,57,1.3954728283783886,297.4299999999997
2023-05-24,104.28,56,1.4006805440873382,299.68000000000006
2023-05-25,104.4,57,1.4057695295036805,320.8000000000003
2023-05-26,104.39,59,1.410738276651207,349.01
2023-05-27,103.94,59,1.415585313182904,322.4599999999998
2023-05-28,103.85,59,1.420309202817239,317.14999999999964
2023-05-29,104.27,58,1.4249085457637638,327.65999999999974
2023-05-30,104.4,56,1.4293819791379014,306.4000000000003
2023-05-31,104.27,59,1.4337281773647985,341.9299999999997
2023-06-01,104.16,59,1.4379458525721214,335.4399999999998
2023-06-02,103.99,59,1.4420337549716817,325.40999999999974
2023-06-03,104.16,62,1.4459906732297743,377.91999999999985
2023-06-04,104.29,59,1.4498154348261216,343.11000000000035
2023-06-05,104.07,59,1.453506906401318,330.12999999999965
2023-06-06,104.47,58,1.4570639940926668,339.26
2023-06-07,104.17,61,1.4604856438583174,364.3700000000001
2023-06-08,103.87,61,1.4637708417895983,346.0700000000003
2023-06-09,104.24,58,1.4669186144114625,325.91999999999973
2023-06-10,103.89,62,1.4699280289709478,361.18000000000006
2023-06-11,104.27,59,1.4727981937135712,341.9299999999997
2023-06-12,104.38,61,1.4755282581475768,377.1799999999997
2023-06-13,104.04,62,1.4781174132959527,370.48000000000036
2023-06-14,104.38,59,1.4805648919361505,348.41999999999973
2023-06-15,104.17,62,1.4828699688274274,378.5400000000001
2023-06-16,104.19,61,1.4850319609257536,365.5899999999999
2023-06-17,104.44,61,1.4870502275862103,380.8399999999999
2023-06-18,103.85,62,1.4889241707528285,358.6999999999996
2023-06-19,103.7,61,1.4906532351358046,335.70000000000016
2023-06-20,103.55,62,1.492236908376046,340.0999999999998
2023-06-21,103.48,64,1.4936747211969932,362.72000000000025
2023-06-22,103.67,62,1.4949662475436765,347.5400000000001
2023-06-23,103.69,62,1.4961111047089661,348.77999999999986
2023-06-24,103.6,62,1.497108953446976,343.1999999999996
2023-06-25,103.48,64,1.4979594980735895,362.72000000000025
2023-06-26,103.31,66,1.4986624865540779,378.46000000000015
2023-06-27,103.58,62,1.4992177105777822,341.9599999999999
2023-06-28,103.37,64,1.4996250056198417,355.6800000000003
2023-06-29,103.85,63,1.4998842509899455,372.5499999999996
2023-06-30,103.36,63,1.499995369868095,341.67999999999995
2023-07-01,103.0,65,1.4999583293273688,345.0
2023-07-02,103.03,64,1.4997731403436787,333.9200000000001
2023-07-03,103.25,64,1.4994398577925168,348.0
2023-07-04,103.05,64,1.4989585804326961,335.1999999999998
2023-07-05,103.21,65,1.498329450877085,358.64999999999964
2023-07-06,103.1,65,1.4975526555503489,351.49999999999966
2023-07-07,102.86,68,1.4966284246337072,374.48
2023-07-08,102.64,66,1.4955570319967273,334.24
2023-07-09,102.52,66,1.4943387951161702,326.3199999999997
2023-07-10,102.55,66,1.4929740749819151,328.29999999999984
2023-07-11,102.74,65,1.491463275989991,328.0999999999997
2023-07-12,102.45,66,1.489806845822745,321.70000000000016
2023-07-13,102.2,66,1.488005275316184,305.20000000000016
2023-07-14,102.24,67,1.4860590983145308,320.0799999999997
2023-07-15,102.15,68,1.4839688915120322,326.2000000000004
2023-07-16,101.85,67,1.4817352742820744,293.9499999999996
2023-07-17,102.13,68,1.4793589084936483,324.8399999999997
2023-07-18,102.02,68,1.4768404983152228,317.3599999999997
2023-07-19,101.64,68,1.4741807900060857,291.52
2023-07-20,102.05,64,1.4713805716952104,271.1999999999998
2023-07-21,101.86,66,1.4684406731477158,282.76
2023-07-22,101.66,69,1.4653619655189898,304.53999999999974
2023-07-23,101.62,67,1.4621453610965467,278.5400000000003
2023-07-24,101.0,68,1.4587918130296968,248.0
2023-07-25,100.91,69,1.455302315047108,252.78999999999974
2023-07-26,101.19,69,1.4516779011623422,272.1099999999999
2023-07-27,101.14,69,1.4479196453674545,268.6600000000001
2023-07-28,101.0,68,1.4440286613147466,248.0
2023-07-29,101.46,67,1.4400061019867678,267.8199999999996
2023-07-30,100.82,69,1.4358531593546608,246.57999999999947
2023-07-31,100.92,67,1.4315710640249557,231.6400000000001
2023-08-01,100.8,70,1.4271610848749134,255.99999999999977
2023-08-02,100.85,68,1.4226245286765318,237.7999999999996
2023-08-03,100.47,70,1.4179627397093186,232.89999999999986
2023-08-04,100.46,71,1.4131770993619548,242.6599999999995
2023-08-05,100.01,71,1.408269025722958,210.71000000000038
2023-08-06,100.04,70,1.4032399731604723,202.8000000000004
2023-08-07,99.95,70,1.398091431891308,196.50000000000023
2023-08-08,99.97,70,1.3928249275393574,197.89999999999986
2023-08-09,100.38,67,1.3874420206835203,195.4599999999997
2023-08-10,99.35,72,1.3819443063952714,173.1999999999996
2023-08-11,99.94,68,1.3763334137660044,175.91999999999985
2023-08-12,99.4,72,1.370611005424298,176.8000000000004
2023-08-13,99.68,69,1.3647787770432438,167.92000000000053
2023-08-14,99.96,68,1.358838456837981,177.27999999999952
2023-08-15,99.74,69,1.352791805053589,172.0599999999996
2023-08-16,99.5,69,1.3466406134434887,155.5
2023-08-17,99.56,69,1.340386704738508,159.6400000000001
2023-08-18,99.84,67,1.3340319321067668,159.2800000000002
2023-08-19,99.63,68,1.3275781786045426,154.8399999999997
2023-08-20,99.78,65,1.321027356618282,135.70000000000005
2023-08-21,99.76,67,1.3143814072979172,153.9200000000003
2023-08-22,99.56,69,1.307642299981664,159.6400000000001
2023-08-23,100.21,63,1.3008120316124612,143.22999999999956
2023-08-24,99.78,65,1.2938926261462367,135.70000000000005
2023-08-25,99.38,67,1.2868861339521622,128.4599999999997
2023-08-26,99.76,65,1.2797946312050883,134.40000000000032
2023-08-27,99.4,66,1.2726202192703255,120.40000000000032
2023-08-28,99.67,65,1.2653650240809666,128.55000000000007
2023-08-29,99.22,66,1.2580311955079264,108.51999999999998
2023-08-30,99.4,66,1.250620906722888,120.40000000000032
2023-08-31,99.41,64,1.243136353554345,102.23999999999978
2023-09-01,99.39,63,1.235579753836932,91.57000000000005
2023-09-02,98.75,66,1.2279533467542294,77.5
2023-09-03,98.83,67,1.2202593921752476,91.6099999999999
2023-09-04,98.52,65,1.212500169984777,53.79999999999973
2023-09-05,98.29,65,1.2046779794078106,38.850000000000364
2023-09-06,98.81,65,1.1967951383282334,72.65000000000009
2023-09-07,98.58,64,1.1888539826019824,49.11999999999989
2023-09-08,98.26,62,1.1808568653648839,12.120000000000346
2023-09-09,98.56,64,1.1728061563353667,47.840000000000146
2023-09-10,98.77,61,1.1647042411122652,34.9699999999998
2023-09-11,98.52,62,1.1565535204679134,28.23999999999978
2023-09-12,97.86,64,1.1483564096367453,3.0399999999999636
2023-09-13,98.19,63,1.140115337599608,15.9699999999998
2023-09-14,98.6,61,1.1318327463640034,24.59999999999968
2023-09-15,98.16,61,1.1235110902404677,-2.2400000000002365
2023-09-16,98.37,61,1.1151528351153062,10.570000000000277
2023-09-17,98.43,60,1.106760457719898,5.800000000000409
2023-09-18,97.87,62,1.0983364448967883,-12.059999999999718
2023-09-19,98.0,61,1.0898832928627813,-12.0
2023-09-20,97.28,61,1.0814035064692586,-55.91999999999996
2023-09-21,97.6,62,1.0728995984599377,-28.800000000000352
2023-09-22,97.71,59,1.0643740887262907,-45.110000000000355
2023-09-23,97.68,60,1.0558295035608476,-39.19999999999959
2023-09-24,98.31,57,1.0472683749085996,-26.32999999999987
2023-09-25,97.63,60,1.0386932396167314,-42.20000000000027
2023-09-26,97.87,57,1.0301066386828965,-51.40999999999974
2023-09-27,98.12,56,1.0215111165022652,-45.279999999999745
2023-09-28,98.47,55,1.0129092201135665,-34.15000000000009
2023-09-29,97.89,56,1.0043034984443444,-58.15999999999997
2023-09-30,98.35,55,0.995696501555656,-40.75000000000034
2023-10-01,98.18,52,0.9870907798864338,-74.63999999999965
2023-10-02,98.02,53,0.9784888834977348,-74.94000000000023
2023-10-03,98.4,51,0.9698933613171036,-71.59999999999968
2023-10-04,98.42,53,0.9613067603832683,-53.739999999999895
2023-10-05,98.37,53,0.9527316250914003,-56.38999999999976
2023-10-06,98.45,51,0.9441704964391527,-69.04999999999984
2023-10-07,98.5,50,0.9356259112737096,-75.0
2023-10-08,98.63,50,0.9271004015400628,-68.50000000000023
2023-10-09,98.96,50,0.9185964935307418,-52.00000000000034
2023-10-10,99.08,47,0.9101167071372189,-73.24000000000007
2023-10-11,98.7,48,0.9016635551032119,-82.39999999999986
2023-10-12,99.41,47,0.893239542280102,-57.73000000000013
2023-10-13,98.55,48,0.8848471648846941,-89.60000000000014
2023-10-14,98.88,47,0.8764889097595323,-82.64000000000021
2023-10-15,99.01,47,0.8681672536359963,-76.52999999999975
2023-10-16,99.01,42,0.859884662400392,-121.57999999999981
2023-10-17,98.9,46,0.851643590363255,-90.59999999999974
2023-10-18,98.95,44,0.8434464795320866,-106.19999999999987
2023-10-19,98.92,42,0.8352957588877349,-125.3599999999999
2023-10-20,99.14,44,0.8271938436646333,-97.83999999999997
2023-10-21,99.63,43,0.8191431346351163,-85.9100000000002
2023-10-22,99.6,41,0.8111460173980176,-106.4000000000002
2023-10-23,99.42,42,0.8032048616717667,-104.3599999999999
2023-10-24,99.79,42,0.7953220205921895,-88.81999999999971
2023-10-25,99.76,41,0.7874998300152231,-99.8399999999998
2023-10-26,99.8,41,0.7797406078247524,-98.2000000000001
2023-10-27,99.77,40,0.7720466532457705,-109.20000000000016
2023-10-28,99.35,40,0.764420246163068,-126.00000000000023
2023-10-29,99.48,37,0.7568636464456548,-149.23999999999984
2023-10-30,99.84,38,0.7493790932771123,-126.07999999999987
2023-10-31,99.81,37,0.7419688044920737,-137.02999999999992
2023-11-01,99.88,39,0.7346349759190334,-114.68000000000018
2023-11-02,99.83,37,0.7273797807296747,-136.29000000000008
2023-11-03,99.96,36,0.7202053687949119,-141.44000000000023
2023-11-04,99.66,37,0.7131138660478378,-142.58000000000015
2023-11-05,100.04,35,0.7061073738537633,-148.5999999999998
2023-11-06,100.1,36,0.6991879683875386,-136.4000000000002
2023-11-07,100.1,34,0.6923577000183361,-156.6000000000002
2023-11-08,100.53,34,0.6856185927020828,-141.97999999999996
2023-11-09,100.52,32,0.6789726433817183,-163.36000000000013
2023-11-10,100.55,31,0.6724218213954575,-172.9500000000001
2023-11-11,100.79,31,0.6659680678932334,-165.50999999999982
2023-11-12,100.66,32,0.659613295261492,-158.8800000000001
2023-11-13,100.69,31,0.6533593865565115,-168.61000000000007
2023-11-14,100.7,31,0.6472081949464112,-168.2999999999999
2023-11-15,101.02,29,0.6411615431620192,-180.42000000000013
2023-11-16,100.93,30,0.6352212229567562,-172.0999999999998
2023-11-17,101.07,28,0.6293889945757021,-190.0400000000002
2023-11-18,101.28,30,0.6236665862339958,-161.59999999999997
2023-11-19,101.09,29,0.6180556936047286,-178.38999999999987
2023-11-20,101.68,27,0.6125579793164797,-184.63999999999982
2023-11-21,101.06,28,0.6071750724606428,-190.31999999999994
2023-11-22,101.08,28,0.6019085681086923,-189.76000000000005
2023-11-23,101.74,28,0.5967600268395277,-171.28000000000014
2023-11-24,101.79,28,0.5917309742770421,-169.87999999999982
2023-11-25,101.79,25,0.5868229006380453,-205.24999999999983
2023-11-26,101.94,27,0.5820372602906818,-177.62000000000006
2023-11-27,101.59,27,0.5773754713234682,-187.06999999999994
2023-11-28,101.6,27,0.5728389151250866,-186.80000000000018
2023-11-29,101.69,26,0.5684289359750443,-196.06000000000006
2023-11-30,101.58,25,0.5641468406453392,-210.50000000000006
2023-12-01,101.87,25,0.5599938980132322,-203.2499999999999
2023-12-02,101.59,25,0.5559713386852535,-210.2499999999999
2023-12-03,101.65,27,0.5520803546325456,-185.44999999999982
2023-12-04,101.78,25,0.5483220988376579,-205.5
2023-12-05,102.04,27,0.544697684952892,-174.91999999999985
2023-12-06,101.91,25,0.5412081869703034,-202.2500000000001
2023-12-07,101.99,24,0.5378546389034533,-212.24000000000012
2023-12-08,102.29,22,0.5346380344810103,-229.6199999999999
2023-12-09,102.24,22,0.5315593268522842,-230.72000000000014
2023-12-10,102.27,22,0.5286194283047897,-230.06000000000006
2023-12-11,102.31,24,0.5258192099939142,-204.55999999999995
2023-12-12,102.37,24,0.5231595016847772,-203.1199999999999
2023-12-13,102.07,22,0.5206410915063517,-234.46000000000015
2023-12-14,102.31,24,0.5182647257179257,-204.55999999999995
2023-12-15,102.62,22,0.5160311084879678,-222.3599999999999
2023-12-16,102.77,23,0.5139409016854695,-206.29000000000008
2023-12-17,102.92,24,0.5119947246838159,-189.91999999999996
2023-12-18,103.2,23,0.510193154177255,-196.39999999999992
2023-12-19,103.37,21,0.5085367240100089,-219.2299999999999
2023-12-20,103.29,21,0.5070259250180849,-220.90999999999985
2023-12-21,103.45,19,0.5056612048838298,-244.44999999999993
2023-12-22,103.44,21,0.5044429680032727,-217.76000000000005
2023-12-23,103.74,21,0.5033715753662928,-211.4600000000001
2023-12-24,103.75,20,0.5024473444496513,-225.0
2023-12-25,103.94,21,0.501670549122915,-207.26000000000005
2023-12-26,103.79,21,0.5010414195673039,-210.40999999999985
2023-12-27,104.14,20,0.5005601422074832,-217.2
2023-12-28,104.5,19,0.5002268596563213,-224.5
2023-12-29,104.26,20,0.5000416706726311,-214.7999999999999
2023-12-30,104.52,20,0.500004630131905,-209.60000000000008
2023-12-31,104.66,19,0.5001157490100545,-221.46000000000004
2024-01-01,104.53,21,0.5003749943801583,-194.87
2024-01-02,104.54,20,0.5007822894222178,-209.19999999999987
2024-01-03,104.68,20,0.5013375134459223,-206.39999999999986
2024-01-04,104.82,21,0.5020405019264105,-188.78000000000014
2024-01-05,104.83,20,0.5028910465530241,-203.40000000000003
2024-01-06,104.78,21,0.5038888952910339,-189.62
2024-01-07,105.17,20,0.5050337524563235,-196.59999999999997
2024-01-08,105.44,19,0.5063252788030068,-206.64000000000004
2024-01-09,105.53,20,0.5077630916239539,-189.39999999999998
2024-01-10,105.75,18,0.5093467648641954,-216.5
2024-01-11,105.32,20,0.5110758292471715,-193.60000000000014
2024-01-12,105.62,19,0.5129497724137897,-203.2199999999999
2024-01-13,105.51,19,0.5149680390742464,-205.3099999999999
2024-01-14,106.18,19,0.5171300311725726,-192.57999999999987
2024-01-15,105.65,18,0.5194351080638496,-218.2999999999999
2024-01-16,105.75,19,0.5218825867040472,-200.75
2024-01-17,105.97,20,0.5244717418524232,-180.60000000000002
2024-01-18,105.79,20,0.5272018062864288,-184.19999999999987
2024-01-19,106.21,19,0.5300719710290522,-192.0100000000001
2024-01-20,106.28,21,0.5330813855885375,-158.12
2024-01-21,106.79,18,0.5362291582104017,-197.77999999999986
2024-01-22,106.9,20,0.5395143561416826,-161.9999999999999
2024-01-23,107.31,20,0.5429360059073332,-153.79999999999995
2024-01-24,107.31,19,0.546493093598682,-171.10999999999996
2024-01-25,107.19,21,0.5501845651738784,-139.01000000000005
2024-01-26,107.32,18,0.5540093267702257,-188.24000000000012
2024-01-27,107.74,20,0.5579662450283183,-145.2000000000001
2024-01-28,107.34,21,0.5620541474278786,-135.8599999999999
2024-01-29,108.21,18,0.5662718226352015,-172.22000000000014
2024-01-30,108.04,21,0.5706180208620986,-121.15999999999985
2024-01-31,107.82,19,0.5750914542362361,-161.42000000000013
2024-02-01,107.57,20,0.579690797182761,-148.60000000000014
2024-02-02,108.25,20,0.5844146868170961,-135.0
2024-02-03,108.06,20,0.5892617233487929,-138.79999999999995
2024-02-04,108.44,21,0.5942304704963195,-112.76000000000005
2024-02-05,107.99,21,0.5993194559126618,-122.2100000000001
2024-02-06,108.42,18,0.6045271716216114,-168.43999999999994
2024-02-07,108.65,21,0.6098520744646123,-108.34999999999991
2024-02-08,108.7,19,0.6152925865580311,-144.69999999999993
2024-02-09,108.77,21,0.6208470957607188,-105.8300000000001
2024-02-10,109.17,21,0.6265139561517223,-97.42999999999995
2024-02-11,108.77,20,0.6322914885180073,-124.60000000000008
2024-02-12,109.08,20,0.6381779808520438,-118.40000000000003
2024-02-13,109.27,20,0.6441716888591127,-114.60000000000008
2024-02-14,109.38,21,0.6502708364741765,-93.0200000000001
2024-02-15,109.62,20,0.6564736163881666,-107.59999999999991
2024-02-16,109.3,22,0.6627781905835273,-75.40000000000009
2024-02-17,109.29,23,0.6691826908788608,-56.32999999999987
2024-02-18,109.9,22,0.6756852194825094,-62.199999999999875
2024-02-19,109.77,21,0.6822838495549113,-84.8300000000001
2024-02-20,109.5,22,0.6889766257795662,-71.0
2024-02-21,109.87,20,0.6957615649424369,-102.59999999999991
2024-02-22,109.8,21,0.7026366565196183,-84.20000000000005
2024-02-23,109.98,23,0.7095998632730995,-40.45999999999992
2024-02-24,109.71,24,0.7166491218544412,-26.96000000000015
2024-02-25,109.94,21,0.7237823434161902,-81.26000000000005
2024-02-26,109.87,22,0.7309974142308502,-62.8599999999999
2024-02-27,109.38,24,0.7382921963172249,-34.88000000000011
2024-02-28,109.84,24,0.7456645280739478,-23.839999999999918
2024-02-29,109.92,23,0.7531122249200114,-41.839999999999975
2024-03-01,110.04,24,0.7606330799421057,-19.03999999999985
2024-03-02,109.84,24,0.7682248645485745,-23.839999999999918
2024-03-03,110.31,24,0.7758853291297947,-12.559999999999945
2024-03-04,110.39,24,0.7836122037247844,-10.639999999999986
2024-03-05,109.62,25,0.7914031986938416,-9.499999999999886
2024-03-06,110.0,24,0.7992560053970135,-20.0
2024-03-07,109.73,25,0.8071682968781965,-6.749999999999886
2024-03-08,109.95,25,0.8151377285546635,-1.2499999999999432
2024-03-09,110.29,25,0.8231619389118142,7.2500000000001705
2024-03-10,110.72,25,0.8312385502029433,18.0
2024-03-11,110.61,27,0.8393651691538178,56.47000000000003
2024-03-12,111.0,26,0.8475393876718554,46.0
2024-03-13,110.49,26,0.8557587835596955,32.739999999999895
2024-03-14,110.54,27,0.8640209212329473,54.580000000000155
2024-03-15,110.97,26,0.8723233524419065,45.22000000000003
2024-03-16,111.11,27,0.880663616997025,69.97000000000003
2024-03-17,111.06,27,0.8890392434979173,68.62000000000012
2024-03-18,110.67,27,0.8974477500656904,58.09000000000003
2024-03-19,111.01,27,0.9058866450783779,67.2700000000001
2024-03-20,110.76,26,0.9143534279092612,39.760000000000105
2024-03-21,111.0,26,0.9228455896678595,46.0
2024-03-22,110.95,27,0.9313606139433677,65.65000000000009
2024-03-23,110.6,29,0.9398959775503236,97.39999999999986
2024-03-24,110.59,30,0.9484491512762826,117.70000000000005
2024-03-25,110.51,31,0.9570176006312767,135.81000000000017
2024-03-26,110.86,29,0.96559878659884,104.93999999999994
2024-03-27,111.16,29,0.9741901663883731,113.63999999999987
2024-03-28,110.62,28,0.9827891941886271,77.36000000000013
2024-03-29,110.83,29,0.9913933219220826,104.06999999999994
2024-03-30,110.72,29,1.0,100.88
2024-03-31,110.57,30,1.0086066780779173,117.0999999999998
2024-04-01,110.69,30,1.017210805811373,120.69999999999993
2024-04-02,110.55,31,1.0258098336116268,137.04999999999995
2024-04-03,110.55,29,1.03440121340116,95.94999999999993
2024-04-04,110.43,33,1.0429823993687233,174.19000000000028
2024-04-05,110.92,30,1.0515508487237175,127.60000000000002
2024-04-06,110.47,32,1.0601040224496763,155.03999999999996
2024-04-07,110.35,35,1.0686393860566323,212.24999999999977
2024-04-08,110.36,32,1.0771544103321407,151.51999999999998
2024-04-09,110.33,31,1.085646572090739,130.2299999999999
2024-04-10,110.3,33,1.094113354921622,169.89999999999986
2024-04-11,110.5,35,1.1025522499343097,217.5
2024-04-12,110.54,36,1.1109607565020827,239.44000000000028
2024-04-13,110.4,33,1.119336383002975,173.20000000000016
2024-04-14,110.39,35,1.1276766475580935,213.64999999999998
2024-04-15,110.39,34,1.1359790787670527,193.26
2024-04-16,109.97,35,1.1442412164403044,198.94999999999993
2024-04-17,110.16,38,1.1524606123281445,266.0799999999999
2024-04-18,110.72,33,1.1606348308461822,183.76
2024-04-19,110.75,35,1.1687614497970567,226.25
2024-04-20,110.28,37,1.176838061088186,250.36
2024-04-21,110.35,37,1.1848622714453365,252.94999999999982
2024-04-22,110.13,37,1.1928317031218034,244.80999999999983
2024-04-23,110.82,36,1.2007439946029865,249.51999999999975
2024-04-24,110.28,37,1.2085968013061583,250.36
2024-04-25,109.92,38,1.2163877962752156,256.96000000000004
2024-04-26,109.65,38,1.2241146708702053,246.70000000000027
2024-04-27,109.57,40,1.2317751354514255,282.7999999999997
2024-04-28,109.87,38,1.2393669200578943,255.06000000000017
2024-04-29,109.76,40,1.2468877750799885,290.4000000000002
2024-04-30,109.52,40,1.2543354719260522,280.79999999999984
2024-05-01,109.66,41,1.2617078036827751,306.05999999999983
2024-05-02,109.45,40,1.2690025857691498,278.0000000000001
2024-05-03,110.17,38,1.27621765658381,266.46000000000004
2024-05-04,109.85,41,1.283350878145559,313.8499999999998
2024-05-05,109.66,40,1.2904001367269005,286.39999999999986
2024-05-06,109.97,40,1.2973633434803817,298.79999999999995
2024-05-07,109.68,40,1.304238435057563,287.2000000000003
2024-05-08,109.42,43,1.3110233742204338,335.06000000000006
2024-05-09,109.84,39,1.3177161504450887,273.7600000000001
2024-05-10,109.59,45,1.3243147805174906,381.5500000000002
2024-05-11,109.21,44,1.330817309121139,345.2399999999998
2024-05-12,109.42,43,1.3372218094164727,335.06000000000006
2024-05-13,109.45,43,1.3435263836118334,336.35000000000014
2024-05-14,109.23,44,1.3497291635258235,346.1200000000001
2024-05-15,109.5,44,1.3558283111408873,358.0
2024-05-16,109.63,44,1.3618220191479562,363.7199999999998
2024-05-17,109.16,45,1.3677085114819927,362.1999999999998
2024-05-18,109.41,44,1.3734860438482777,354.03999999999985
2024-05-19,109.27,44,1.3791529042392812,347.8799999999999
2024-05-20,109.41,44,1.3847074134419688,354.03999999999985
2024-05-21,109.27,44,1.3901479255353877,347.8799999999999
2024-05-22,109.2,46,1.3954728283783886,383.20000000000016
2024-05-23,109.48,45,1.4006805440873382,376.60000000000014
2024-05-24,109.2,42,1.4057695295036805,306.4000000000001
2024-05-25,109.33,46,1.410738276651207,389.17999999999995
2024-05-26,109.14,46,1.415585313182904,380.44000000000005
2024-05-27,108.93,46,1.420309202817239,370.7800000000003
2024-05-28,108.66,47,1.4249085457637638,377.01999999999987
2024-05-29,108.54,49,1.4293819791379014,408.46000000000026
2024-05-30,108.73,48,1.4337281773647985,399.0400000000002
2024-05-31,108.53,47,1.4379458525721214,370.9100000000001
2024-06-01,108.18,49,1.4420337549716817,390.8200000000004
2024-06-02,108.17,48,1.4459906732297743,372.1600000000001
2024-06-03,108.26,47,1.4498154348261216,358.22000000000025
2024-06-04,107.78,49,1.453506906401318,371.22
2024-06-05,107.95,51,1.4570639940926668,415.45000000000016
2024-06-06,107.67,51,1.4604856438583174,401.1700000000001
2024-06-07,107.96,50,1.4637708417895983,397.99999999999966
2024-06-08,107.49,52,1.4669186144114625,409.4799999999998
2024-06-09,107.37,52,1.4699280289709478,403.24000000000024
2024-06-10,107.37,51,1.4727981937135712,385.87000000000023
2024-06-11,107.55,52,1.4755282581475768,412.5999999999999
2024-06-12,107.51,52,1.4781174132959527,410.5200000000002
2024-06-13,107.25,53,1.4805648919361505,414.25
2024-06-14,107.48,53,1.4828699688274274,426.44000000000017
2024-06-15,106.99,54,1.4850319609257536,417.4599999999997
2024-06-16,107.14,53,1.4870502275862103,408.4200000000001
2024-06-17,106.84,55,1.4889241707528285,426.20000000000016
2024-06-18,106.73,54,1.4906532351358046,403.4200000000002
2024-06-19,106.77,53,1.492236908376046,388.80999999999983
2024-06-20,106.42,55,1.4936747211969932,403.10000000000014
2024-06-21,106.36,54,1.4949662475436765,383.43999999999994
2024-06-22,106.67,53,1.4961111047089661,383.5100000000001
2024-06-23,106.38,55,1.497108953446976,400.89999999999975
2024-06-24,106.64,54,1.4979594980735895,398.56000000000006
2024-06-25,106.05,56,1.4986624865540779,398.79999999999984
2024-06-26,106.27,53,1.4992177105777822,362.30999999999983
2024-06-27,106.48,55,1.4996250056198417,406.4000000000002
2024-06-28,105.63,57,1.4998842509899455,390.90999999999974
2024-06-29,106.11,55,1.499995369868095,386.04999999999995
2024-06-30,106.34,56,1.4999583293273688,415.0400000000002
2024-07-01,106.11,57,1.4997731403436787,418.27
2024-07-02,106.11,54,1.4994398577925168,369.93999999999994
2024-07-03,105.84,56,1.4989585804326961,387.0400000000002
2024-07-04,105.88,56,1.498329450877085,389.27999999999975
2024-07-05,105.82,55,1.4975526555503489,370.0999999999997
2024-07-06,106.09,57,1.4966284246337072,417.1300000000002
2024-07-07,105.75,56,1.4955570319967273,382.0
2024-07-08,105.54,57,1.4943387951161702,385.7800000000003
2024-07-09,105.12,56,1.4929740749819151,346.72000000000025
2024-07-10,105.07,59,1.491463275989991,389.12999999999965
2024-07-11,104.89,57,1.489806845822745,348.73
2024-07-12,104.76,59,1.488005275316184,370.84000000000026
2024-07-13,104.55,60,1.4860590983145308,372.9999999999998
2024-07-14,104.85,60,1.4839688915120322,390.99999999999966
2024-07-15,105.13,56,1.4817352742820744,347.27999999999975
2024-07-16,104.89,55,1.4793589084936483,318.95000000000005
2024-07-17,104.57,59,1.4768404983152228,359.62999999999965
2024-07-18,104.78,60,1.4741807900060857,386.80000000000007
2024-07-19,104.47,60,1.4713805716952104,368.19999999999993
2024-07-20,104.04,60,1.4684406731477158,342.4000000000003
2024-07-21,104.19,59,1.4653619655189898,337.2099999999998
2024-07-22,103.97,61,1.4621453610965467,352.16999999999996
2024-07-23,104.12,59,1.4587918130296968,333.08000000000027
2024-07-24,104.21,60,1.455302315047108,352.5999999999997
2024-07-25,104.45,59,1.4516779011623422,352.5500000000002
2024-07-26,104.03,60,1.4479196453674545,341.80000000000007
2024-07-27,103.89,62,1.4440286613147466,361.18000000000006
2024-07-28,103.93,60,1.4400061019867678,335.8000000000004
2024-07-29,103.25,61,1.4358531593546608,308.25
2024-07-30,103.66,60,1.4315710640249557,319.5999999999998
2024-07-31,103.8,57,1.4271610848749134,286.5999999999998
2024-08-01,103.33,60,1.4226245286765318,299.79999999999995
2024-08-02,103.77,59,1.4179627397093186,312.4299999999997
2024-08-03,103.62,59,1.4131770993619548,303.58000000000027
2024-08-04,103.54,59,1.408269025722958,298.86000000000035
2024-08-05,103.73,58,1.4032399731604723,296.34000000000026
2024-08-06,103.99,59,1.398091431891308,325.40999999999974
2024-08-07,103.37,59,1.3928249275393574,288.83000000000027
2024-08-08,103.21,59,1.3874420206835203,279.38999999999965
2024-08-09,102.97,59,1.3819443063952714,265.2299999999999
2024-08-10,102.76,60,1.3763334137660044,265.60000000000036
2024-08-11,103.01,60,1.370611005424298,280.60000000000036
2024-08-12,102.61,59,1.3647787770432438,243.99
2024-08-13,102.79,59,1.358838456837981,254.61000000000035
2024-08-14,102.61,59,1.352791805053589,243.99
2024-08-15,102.79,57,1.3466406134434887,229.0300000000003
2024-08-16,102.7,58,1.340386704738508,236.60000000000014
2024-08-17,102.58,58,1.3340319321067668,229.63999999999987
2024-08-18,102.12,61,1.3275781786045426,239.32000000000028
2024-08-19,102.1,60,1.321027356618282,225.99999999999966
2024-08-20,101.78,60,1.3143814072979172,206.80000000000007
2024-08-21,101.89,60,1.307642299981664,213.4000000000001
2024-08-22,102.15,58,1.3008120316124612,204.70000000000027
2024-08-23,102.29,58,1.2938926261462367,212.8200000000004
2024-08-24,101.88,59,1.2868861339521622,200.91999999999973
2024-08-25,102.34,57,1.2797946312050883,203.38000000000022
2024-08-26,102.4,56,1.2726202192703255,194.40000000000032
2024-08-27,102.13,55,1.2653650240809666,167.14999999999975
2024-08-28,102.31,56,1.2580311955079264,189.36000000000013
2024-08-29,101.71,59,1.250620906722888,190.88999999999965
2024-08-30,101.53,59,1.243136353554345,180.2700000000001
2024-08-31,101.39,59,1.235579753836932,172.01
2024-09-01,102.02,57,1.2279533467542294,185.13999999999976
2024-09-02,101.81,56,1.2202593921752476,161.36000000000013
2024-09-03,101.67,56,1.212500169984777,153.5200000000001
2024-09-04,101.82,54,1.2046779794078106,138.27999999999963
2024-09-05,101.6,55,1.1967951383282334,137.99999999999966
2024-09-06,102.13,54,1.1888539826019824,155.01999999999975
2024-09-07,101.37,56,1.1808568653648839,136.72000000000025
2024-09-08,101.43,54,1.1728061563353667,117.22000000000037
2024-09-09,101.38,54,1.1647042411122652,114.51999999999975
2024-09-10,101.28,54,1.1565535204679134,109.12000000000012
2024-09-11,101.08,55,1.1483564096367453,109.39999999999986
2024-09-12,100.67,54,1.140115337599608,76.18000000000006
2024-09-13,100.95,52,1.1318327463640034,69.40000000000009
2024-09-14,101.29,52,1.1235110902404677,87.08000000000038
2024-09-15,101.1,52,1.1151528351153062,77.1999999999997
2024-09-16,100.87,52,1.106760457719898,65.24000000000024
2024-09-17,100.37,54,1.0983364448967883,59.980000000000246
2024-09-18,100.29,53,1.0898832928627813,45.370000000000346
2024-09-19,100.3,55,1.0814035064692586,66.49999999999989
2024-09-20,100.34,53,1.0728995984599377,48.02000000000021
2024-09-21,100.53,52,1.0643740887262907,47.56000000000006
2024-09-22,100.02,53,1.0558295035608476,31.05999999999983
2024-09-23,100.66,50,1.0472683749085996,32.99999999999977
2024-09-24,100.21,52,1.0386932396167314,30.919999999999618
2024-09-25,100.27,51,1.0301066386828965,23.769999999999754
2024-09-26,100.13,51,1.0215111165022652,16.629999999999768
2024-09-27,99.99,50,1.0129092201135665,-0.5000000000002274
2024-09-28,100.39,48,1.0043034984443444,-1.2799999999999727
2024-09-29,100.19,50,0.995696501555656,9.499999999999886
2024-09-30,99.83,50,0.9870907798864338,-8.500000000000114
2024-10-01,99.81,48,0.9784888834977348,-29.11999999999989
2024-10-02,100.18,47,0.9698933613171036,-21.53999999999968
2024-10-03,100.44,48,0.9613067603832683,1.1199999999998909
2024-10-04,99.9,47,0.9527316250914003,-34.699999999999704
2024-10-05,99.8,49,0.9441704964391527,-19.800000000000125
2024-10-06,100.04,46,0.9356259112737096,-38.15999999999974
2024-10-07,99.98,47,0.9271004015400628,-30.939999999999827
2024-10-08,99.61,47,0.9185964935307418,-48.33000000000004
2024-10-09,100.09,46,0.9101167071372189,-35.85999999999984
2024-10-10,100.25,44,0.9016635551032119,-49.0
2024-10-11,100.51,43,0.893239542280102,-48.069999999999766
2024-10-12,100.71,43,0.8848471648846941,-39.470000000000255
2024-10-13,100.8,41,0.8764889097595323,-57.2000000000001
2024-10-14,100.48,43,0.8681672536359963,-49.35999999999984
2024-10-15,100.4,42,0.859884662400392,-63.19999999999976
2024-10-16,101.19,40,0.851643590363255,-52.40000000000009
2024-10-17,100.84,39,0.8434464795320866,-77.2399999999999
2024-10-18,101.01,37,0.8352957588877349,-92.62999999999982
2024-10-19,101.04,39,0.8271938436646333,-69.43999999999977
2024-10-20,101.03,41,0.8191431346351163,-47.76999999999998
2024-10-21,101.04,39,0.8111460173980176,-69.43999999999977
2024-10-22,100.91,38,0.8032048616717667,-85.42000000000013
2024-10-23,101.15,37,0.7953220205921895,-87.44999999999982
2024-10-24,101.3,37,0.7874998300152231,-81.90000000000009
2024-10-25,101.2,37,0.7797406078247524,-85.59999999999991
2024-10-26,101.22,35,0.7720466532457705,-107.30000000000007
2024-10-27,101.28,37,0.764420246163068,-82.63999999999999
2024-10-28,101.15,36,0.7568636464456548,-98.5999999999998
2024-10-29,101.66,35,0.7493790932771123,-91.90000000000009
2024-10-30,100.81,36,0.7419688044920737,-110.83999999999992
2024-10-31,101.49,34,0.7346349759190334,-109.34000000000015
2024-11-01,101.62,34,0.7273797807296747,-104.91999999999985
2024-11-02,101.12,35,0.7202053687949119,-110.79999999999984
2024-11-03,101.59,33,0.7131138660478378,-117.52999999999986
2024-11-04,101.73,32,0.7061073738537633,-124.63999999999987
2024-11-05,101.49,33,0.6991879683875386,-120.83000000000015
2024-11-06,101.53,34,0.6923577000183361,-107.97999999999996
2024-11-07,101.66,30,0.6856185927020828,-150.2000000000001
2024-11-08,102.25,29,0.6789726433817183,-144.75
2024-11-09,102.12,30,0.6724218213954575,-136.39999999999986
2024-11-10,102.37,30,0.6659680678932334,-128.89999999999986
2024-11-11,102.37,30,0.659613295261492,-128.89999999999986
2024-11-12,102.11,30,0.6533593865565115,-136.70000000000005
2024-11-13,102.5,28,0.6472081949464112,-150.0
2024-11-14,102.7,30,0.6411615431620192,-118.99999999999989
2024-11-15,102.51,26,0.6352212229567562,-174.7399999999999
2024-11-16,102.96,26,0.6293889945757021,-163.0400000000002
2024-11-17,102.86,27,0.6236665862339958,-152.78000000000003
2024-11-18,103.05,25,0.6180556936047286,-173.75000000000006
2024-11-19,103.38,26,0.6125579793164797,-152.12000000000012
2024-11-20,103.45,27,0.6071750724606428,-136.8499999999999
2024-11-21,103.46,25,0.6019085681086923,-163.50000000000017
2024-11-22,103.79,25,0.5967600268395277,-155.24999999999983
2024-11-23,103.33,24,0.5917309742770421,-180.08000000000004
2024-11-24,103.63,24,0.5868229006380453,-172.8800000000001
2024-11-25,103.5,24,0.5820372602906818,-176.0
2024-11-26,103.6,24,0.5773754713234682,-173.60000000000014
2024-11-27,103.69,25,0.5728389151250866,-157.75000000000006
2024-11-28,103.42,25,0.5684289359750443,-164.49999999999994
2024-11-29,103.9,22,0.5641468406453392,-194.19999999999987
2024-11-30,103.78,24,0.5599938980132322,-169.27999999999997
2024-12-01,103.87,23,0.5559713386852535,-180.9899999999999
2024-12-02,104.35,23,0.5520803546325456,-169.95000000000016
2024-12-03,104.01,24,0.5483220988376579,-163.75999999999988
2024-12-04,103.93,21,0.544697684952892,-207.46999999999986
2024-12-05,104.01,21,0.5412081869703034,-205.7899999999999
2024-12-06,104.49,20,0.5378546389034533,-210.2000000000001
2024-12-07,104.36,21,0.5346380344810103,-198.44
2024-12-08,105.09,21,0.5315593268522842,-183.1099999999999
2024-12-09,104.48,22,0.5286194283047897,-181.43999999999994
2024-12-10,105.38,20,0.5258192099939142,-192.4000000000001
2024-12-11,105.28,20,0.5231595016847772,-194.39999999999998
2024-12-12,105.32,20,0.5206410915063517,-193.60000000000014
2024-12-13,105.18,19,0.5182647257179257,-211.57999999999987
2024-12-14,105.49,22,0.5160311084879678,-159.22000000000014
2024-12-15,105.42,18,0.5139409016854695,-222.43999999999994
2024-12-16,105.68,20,0.5119947246838159,-186.39999999999986
2024-12-17,105.62,21,0.510193154177255,-171.9799999999999
2024-12-18,105.84,19,0.5085367240100089,-199.03999999999996
2024-12-19,105.82,19,0.5070259250180849,-199.42000000000013
2024-12-20,106.0,19,0.5056612048838298,-196.0
2024-12-21,106.33,18,0.5044429680032727,-206.06000000000006
2024-12-22,106.03,20,0.5033715753662928,-179.39999999999998
2024-12-23,106.45,16,0.5024473444496513,-236.79999999999995
2024-12-24,107.01,19,0.501670549122915,-176.8099999999999
2024-12-25,106.81,17,0.5010414195673039,-214.22999999999996
2024-12-26,106.9,18,0.5005601422074832,-195.7999999999999
2024-12-27,107.06,17,0.5002268596563213,-209.97999999999996
2024-12-28,107.34,18,0.5000416706726311,-187.87999999999994
2024-12-29,107.32,16,0.500004630131905,-222.8800000000001
2024-12-30,107.34,18,0.5001157490100545,-187.87999999999994
2024-12-31,107.5,19,0.5003749943801583,-167.5
